<?xml version="1.0" encoding="UTF-8"?>
<project-private xmlns="http://www.netbeans.org/ns/project-private/1">
    <editor-bookmarks xmlns="http://www.netbeans.org/ns/editor-bookmarks/2" lastBookmarkId="0"/>
    <open-files xmlns="http://www.netbeans.org/ns/projectui-open-files/2">
        <group>
            <file>file:/C:/Users/doking23/Downloads/kalkulatorGume/kalkulatorGume/src/kalkulatorgume/PutnickaGuma.java</file>
            <file>file:/C:/Users/doking23/Downloads/kalkulatorGume/kalkulatorGume/src/kalkulatorgume/GUI.java</file>
            <file>file:/C:/Users/doking23/Downloads/kalkulatorGume/kalkulatorGume/src/kalkulatorgume/Tocak.java</file>
            <file>file:/C:/Users/doking23/Downloads/kalkulatorGume/kalkulatorGume/src/kalkulatorgume/TeretnaGuma.java</file>
        </group>
    </open-files>
</project-private>
